,track_id,track_name,artist_name,danceability,key,acousticness,kmeans
7,5hYTyyh2odQKphUbMqc5gN,"How Far I'll Go - From ""Moana""",Alessia Cara,0.314,9.0,0.157,4
8,4pdPtRcBmOSQDlJ3Fk945m,Let Me Love You,DJ Snake,0.476,8.0,0.0784,4
15,4b4KcovePX8Ke2cLIQTLM0,All Night,The Vamps,0.544,8.0,0.0038,4
21,4Hf7WnR761jpxPr5D46Bcd,Treat You Better,Shawn Mendes,0.624,10.0,0.123,4
22,4OZEu0Vwq0RB2LAq14v99n,Middle,DJ Snake,0.611,9.0,0.0199,4
23,5knuzwU65gJK7IF5yJsuaW,Rockabye (feat. Sean Paul & Anne-Marie),Clean Bandit,0.72,9.0,0.406,4
24,2IMODbij0lZ5CuAjZi0IDE,Sila,SUD,0.635,9.0,0.0104,4
26,3EmmCZoqpWOTY1g2GBwJoR,Just Hold On,Steve Aoki,0.647,11.0,0.00383,4
27,0B8B8cVRFIG1yznoQe7c9s,Setting Fires,The Chainsmokers,0.626,8.0,0.017,4
28,0QsvXIfqM0zZoerQfsI9lm,Don't Let Me Down (feat. Daya),The Chainsmokers,0.542,11.0,0.16,4
34,343YBumqHu19cGoGARUTsd,Fake Love,Drake,0.928,9.0,0.105,4
35,4TZy1wLyHec06pwgFYDh1a,Mercy,Shawn Mendes,0.469,11.0,0.137,4
46,40UroIGvsMPLPBYwH8rMNA,Steady 1234 (feat. Jasmine Thompson & Skizzy Mars),Vice,0.779,9.0,0.153,4
53,4JIo8RztBbELr2gWJ5OGK6,Secret Love Song (feat. Jason Derulo),Little Mix,0.539,9.0,0.256,4
54,3T8yMLawoliJaN1hAGFFmv,Sigurado,Up Dharma Down,0.757,11.0,0.295,4
56,0azC730Exh71aQlOt9Zj3y,This Is What You Came For (feat. Rihanna),Calvin Harris,0.631,9.0,0.199,4
57,4tCtwWceOPWzenK2HAIJSb,Work from Home (feat. Ty Dolla $ign),Fifth Harmony,0.803,8.0,0.103,4
66,7FB8l7UA1HKqnuSLjP9qDc,Caroline,Aminé,0.952,10.0,0.174,4
68,7129iqBafaphfc3WPCGC0L,7 Years,Lukas Graham,0.742,10.0,0.29,4
69,2s76aKBWKShlwPC4xTtEEE,Wake Up Where You Are,State of Sound,0.706,9.0,0.11,4
82,1cG0umU5TKStygKsPFZ9pY,Shed a Light,Robin Schulz,0.483,8.0,0.112,4
86,7yyRTcZmCiyzzJlNzGC9Ol,Broccoli (feat. Lil Yachty),Shelley FKA DRAM,0.886,8.0,0.236,4
87,7yHEDfrJNd0zWOfXwydNH0,Into You,Ariana Grande,0.636,9.0,0.0161,4
99,08WPvDEsHvTFuB9w8tC2OS,Now and Later,Sage The Gemini,0.781,11.0,0.273,4
100,4Z3qm2aWGTJuJKnv3EWwyD,Hide Away,Daya,0.886,11.0,0.218,4
105,14WWzenpaEgQZlqPq2nk4v,Work,Rihanna,0.725,11.0,0.0752,4
117,1HwpWwa6bnqqRhK8agG4RS,Beautiful Soul,Jesse McCartney,0.66,9.0,0.0759,4
118,0PDUDa38GO8lMxLCRc4lL1,PILLOWTALK,ZAYN,0.584,11.0,0.117,4
120,0HMjXBAZmSYOTTi33WpMso,History,One Direction,0.655,11.0,0.0352,4
122,6mICuAdrwEjh6Y6lroV2Kg,Chantaje (feat. Maluma),Shakira,0.852,8.0,0.187,4
123,04CttTezSnv71USiiG9mIo,Lighthouse - Andrelli Remix,Hearts & Colors,0.595,11.0,0.0178,4
125,6Qyc6fS4DsZjB2mRW9DsQs,Iris,The Goo Goo Dolls,0.315,11.0,0.00125,4
127,1FUViuNSldssMIawrOXF2i,I Got You,Bebe Rexha,0.609,9.0,0.0504,4
130,4r7vGTk9HCW7YDorNWoclF,Meron Nang Iba,Silent Sanctuary,0.69,9.0,0.261,4
131,1a1i2IwXnUN0PjllVEhA4B,Breakeven,The Script,0.627,10.0,0.174,4
132,67EY6aDoIx8czEPS6a2AaI,The Man Who Can't Be Moved,The Script,0.608,10.0,0.423,4
138,4Km5HrUvYTaSUfiSGPJeQR,Bad and Boujee (feat. Lil Uzi Vert),Migos,0.927,11.0,0.061,4
141,0v9Wz8o0BT8DU38R4ddjeH,No Problem (feat. Lil Wayne & 2 Chainz),Chance the Rapper,0.652,11.0,0.156,4
145,39afswHs17v53znQm1gDTY,Take A Bow,Rihanna,0.708,9.0,0.248,4
151,5y69gQtK33qxb8a24ACkCy,A Thousand Miles,Vanessa Carlton,0.559,11.0,0.222,4
161,6hmhG1b4LEyNuashVvuIAo,Never Forget You,Zara Larsson,0.583,11.0,0.00312,4
172,5qmXgeIDa1lXB07pgAVlNM,Stickwitu,The Pussycat Dolls,0.548,9.0,0.283,4
177,6cAKeFFYW2aClZSUyvqAEW,It's Gotta Be You,Isaiah Firebrace,0.422,8.0,0.221,4
178,1I6pKIyaBp4OebTGLJpCCC,Perm,Bruno Mars,0.853,8.0,0.0145,4
179,2Ae5awwKvQpTBKQHr1TYCg,Dynamite (feat. Pretty Sister),Nause,0.811,9.0,0.0548,4
183,6lanRgr6wXibZr8KgzXxBl,A Thousand Years,Christina Perri,0.421,10.0,0.309,4
184,34i4yxPrHWquuR4kjiivFO,Somebody Else,VÉRITÉ,0.674,11.0,0.201,4
192,0JiVRyTJcJnmlwCZ854K4p,Alone,Alan Walker,0.676,10.0,0.186,4
196,6bLopGnirdrilrpdVB6Um1,The Greatest,Sia,0.639,10.0,0.0174,4
214,3AJwUDP919kvQ9QcozQPxg,Yellow,Coldplay,0.429,11.0,0.00239,4
215,5fVZC9GiM4e8vu99W0Xf6J,How to Save a Life,The Fray,0.64,10.0,0.269,4
232,7gWKGNeHjIDUkNreiYYNdm,Oo,Up Dharma Down,0.583,11.0,0.465,4
240,6A8dnC0xkiuWN4BshmTB2I,Oceans Away,A R I Z O N A,0.617,8.0,0.13,4
243,3SGWp9fJCzgK0WcpcKSQdy,Romantic - NOTD Remix,Stanaj,0.746,8.0,0.218,4
247,11bD1JtSjlIgKgZG2134DZ,Chasing Cars,Snow Patrol,0.563,9.0,0.209,4
248,1sXUWdKx03aP9Gmzft58rt,Issues,Julia Michaels,0.683,8.0,0.368,4
251,4g8lRiznlad8Vy4HR1J3B9,A Love To Last A Lifetime,Juris,0.64,9.0,0.157,4
257,73sEFRISCOmunToMJtjuPS,Hate That I Love You,Rihanna,0.641,8.0,0.323,4
258,5abwHwUhywLGNli5NDcEN7,Magic,Thomas Gold,0.629,8.0,0.0502,4
271,0CcQNd8CINkwQfe1RDtGV6,Believer,Imagine Dragons,0.779,10.0,0.0524,4
282,4OjORl39ULsmkJHOPbOOPJ,You,Jona,0.319,9.0,0.288,4
283,5aDpULK8MbJmHl42kR5KNI,Collide,Howie Day,0.636,11.0,0.222,4
284,3UjJP4ludb74a29P5EHEIo,Thumbs,Sabrina Carpenter,0.721,8.0,0.025,4
289,02q0ZnV2L4XByzEvWZJqBC,Spring Day,BTS,0.539,8.0,0.0063,4
290,6PXPSP15Wo3aEPR0KoZprx,Way Back Into Love,Hugh Grant,0.281,10.0,0.0399,4
292,7KlTFTpy7dXLzr2NtLkvG6,Not Today,BTS,0.594,8.0,0.00181,4
298,3os6HRDHJPzcOMPBKOFQeA,I Wanna Be With You,Mandy Moore,0.521,8.0,0.00487,4
299,5K7AMlpc4796JRWXb26nCV,I'll Be,Edwin McCain,0.371,11.0,0.386,4
304,3zHq9ouUJQFQRf3cm1rRLu,"Love Me Like You Do - From ""Fifty Shades Of Grey""",Ellie Goulding,0.262,8.0,0.247,4
308,6fOPuabPdAJ0HgqJFcDGb1,Apologize,OneRepublic,0.593,8.0,0.363,4
310,1jk1NoNINfTSdfzBtpEIMp,Shape of My Heart,Backstreet Boys,0.575,9.0,0.252,4
313,5NNlUMcOEOdoOIwwaWXv0k,Cold,Maroon 5,0.703,9.0,0.139,4
317,104buTcnP2AsxqB7U1FIZ4,Heavy (feat. Kiiara),Linkin Park,0.59,9.0,0.0484,4
322,6RUKPb4LETWmmr3iAEQktW,Something Just Like This,The Chainsmokers,0.617,11.0,0.0498,4
334,0tgVpDi06FyKpA1z0VMD4v,Perfect,Ed Sheeran,0.599,8.0,0.163,4
336,0afhq8XCExXpqazXczTSve,Galway Girl,Ed Sheeran,0.624,9.0,0.0735,4
339,7oolFzHipTMg2nL7shhdz2,Eraser,Ed Sheeran,0.64,8.0,0.086,4
345,0gbBzIqrECJOEPvQJIBFs5,Green Light,Lorde,0.616,9.0,0.0162,4
348,2Ce5IyMlVRVvN997ZJjJJA,Selfish (feat. Rihanna),Future,0.415,8.0,0.0303,4
358,00lNx0OcTJrS3MKHcB80HY,You Don't Know Me - Radio Edit,Jax Jones,0.876,11.0,0.163,4
362,7hDc8b7IXETo14hHIHdnhd,Passionfruit,Drake,0.809,11.0,0.256,4
363,05KOgYg8PGeJyyWBPi5ja8,Free Smoke,Drake,0.736,10.0,0.0681,4
366,6CfrYuD3YRDYdYvH9jNtXY,No Long Talk,Drake,0.913,10.0,0.0671,4
382,1louJpMmzEicAn7lzDalPW,No Promises (feat. Demi Lovato),Cheat Codes,0.741,10.0,0.0575,4
389,6f49kbOuQSOsStBpyGvQfA,A Head Full of Dreams,Coldplay,0.449,11.0,0.0021,4
395,6lpWMtQoGqQyEZuyIwhbkO,Every Teardrop Is a Waterfall,Coldplay,0.425,9.0,0.00194,4
399,6qt0IWS8y6yGR6gNTEmQzj,Viva La Vida - Live from Spotify London,Coldplay,0.433,8.0,0.123,4
401,0x5CxIxVZUxwOQbwiVLS6J,Charlie Brown,Coldplay,0.43,10.0,0.0212,4
402,33koOQs551ijjVmLbmrcDc,Yellow - Live from Spotify London,Coldplay,0.223,11.0,0.447,4
403,2nvC4i2aMo4CzRjRflysah,In My Place,Coldplay,0.424,9.0,0.0553,4
410,26AuyrZGzWWiYZPSd3XBIg,Bloodstream,The Chainsmokers,0.62,9.0,0.0317,4
415,1KeZgPUr54C8iz3FjqzVoz,Young,The Chainsmokers,0.615,9.0,0.0105,4
416,0dj1CtyRxZ4bnIT4Q20jNT,Wake Up Alone,The Chainsmokers,0.643,9.0,0.0102,4
417,3Qqsr0Xu0Ts6AaC1XqMFC8,It Was Love,LANY,0.439,10.0,0.0265,4
419,5pvVAwQbuFoR7LkcicrKnk,Obsession (feat. Jon Bellion),Vice,0.741,10.0,0.00728,4
422,6SwRhMLwNqEi6alNPVG00n,LOYALTY. FEAT. RIHANNA.,Kendrick Lamar,0.658,9.0,0.0265,4
424,1n4jwRVXdkK2U34nBDUKKT,BLOOD.,Kendrick Lamar,0.357,8.0,0.142,4
426,6PGoSes0D9eUDeeAafB2As,LOVE. FEAT. ZACARI.,Kendrick Lamar,0.8,10.0,0.264,4
431,3Q3myFA7q4Op95DOpHplaY,do re mi,blackbear,0.745,8.0,0.00522,4
432,51PIvodunv6NmX5250zxAh,The Cure,Lady Gaga,0.696,8.0,0.0745,4
442,3qyeNnFY67zX6VmmIbzPsL,Body to Body,Mike Perry,0.537,8.0,0.0119,4
446,5dQJKDx0x73seZbwSORa1T,Middle Of The Night,The Vamps,0.604,11.0,0.00342,4
447,2mfUa8bLs2s5N4VaqJZ4lZ,Most Girls,Hailee Steinfeld,0.755,9.0,0.0416,4
455,7DQXiMeLqiQsy1uqHSk0xc,Reminding Me,Shawn Hook,0.562,9.0,0.0906,4
460,47OVNnZJzIkrsEiZ4n187p,Mama,Jonas Blue,0.737,11.0,0.102,4
464,2eMwDehkIC1j68U6FA3Eiq,XO TOUR Llif3,Lil Uzi Vert,0.732,11.0,0.00264,4
467,2habSXqcJGExM6JJyskY7O,Malibu,Miley Cyrus,0.565,8.0,0.0577,4
469,5LABCxgmP7DATATIJXOh6n,Ever Since New York,Harry Styles,0.389,10.0,0.2,4
482,6wp2nSBcuEdZYkEA1g4KHQ,Stay,Claudia,0.566,8.0,0.0359,4
490,4C5ewaZ05vyXM23jFJdwd4,Strangers,Halsey,0.69,11.0,0.01,4
492,5xYVqJ7ppf4bTbbztvVOYx,Raincoat (feat. Shy Martin),Timeflies,0.691,10.0,0.193,4
499,7bJwvubZZaoGE1AGEfu8Fi,One Last Time,Ariana Grande,0.624,8.0,0.115,4
502,2ekn2ttSfGqwhhate0LSR0,New Rules,Dua Lipa,0.762,9.0,0.00261,4
503,0VhgEqMTNZwYL1ARDLLNCX,Can I Be Him,James Arthur,0.696,11.0,0.308,4
505,3A7qX2QjDlPnazUsRk5y0M,2U (feat. Justin Bieber),David Guetta,0.548,8.0,0.219,4
508,2of5xn0GU0TdFneR1saRLH,To the Max (feat. Drake),DJ Khaled,0.461,10.0,0.0184,4
512,3fVnlF4pGqWI9flVENcT28,Wildest Dreams,Taylor Swift,0.553,8.0,0.0709,4
528,57OKulT8zrb9RbEML2dAM5,Cool Down,James Reid,0.782,11.0,0.307,4
529,5bcTCxgc7xVfSaMV3RuVke,"Feels (feat. Pharrell Williams, Katy Perry & Big Sean)",Calvin Harris,0.893,11.0,0.0642,4
532,12o6dxWGk29uIAP3OWY0pM,Homemade Dynamite,Lorde,0.762,10.0,0.252,4
536,7LJjWqhqK594nN7qJzLVXE,As If It's Your Last,BLACKPINK,0.786,8.0,0.0688,4
555,3sJHkcxojoJD2Ytbo1yLLF,Two High,Moon Taxi,0.649,11.0,0.0852,4
556,2EGpIoqoqqJLE0MoowpxhS,On Top,James Reid,0.74,11.0,0.259,4
557,5jpokUp9ZQhRKhGqT19e52,IL2LU,James Reid,0.724,11.0,0.177,4
558,2rb5MvYT7ZIxbKW5hfcHx8,Mi Gente,J Balvin,0.543,11.0,0.0148,4
561,3ojYtYYWWbaRVHW7ckZq7v,Forever,James Reid,0.546,10.0,0.436,4
563,1839RWzPRZCVgvamu4sHSN,All My Love (feat. Conor Maynard),Cash Cash,0.59,11.0,0.148,4
567,25C5CowdsfXld2jJanbiex,Sorry Not Sorry,Demi Lovato,0.701,11.0,0.0252,4
573,1yxgsra98r3qAtxqiGZPiX,BUTTERFLY EFFECT,Travis Scott,0.763,11.0,0.0714,4
575,2nLtzopw4rPReszdYBJU6h,Numb,Linkin Park,0.496,9.0,0.0046,4
578,1Vej0qeQ3ioKwpI6FUbRv1,Papercut,Linkin Park,0.524,9.0,0.00022,4
579,3K4HG9evC7dg3N0R9cYqk4,One Step Closer,Linkin Park,0.492,9.0,0.0014,4
582,3FQCJI2t5LTbsRPfYVBSVB,Battle Symphony,Linkin Park,0.653,10.0,0.0369,4
583,650OeHTLxZAQmb4aEbGmaA,Good Goodbye (feat. Pusha T and Stormzy),Linkin Park,0.697,9.0,0.106,4
588,3dJj6o9o1fRgrojWjailuz,Nobody Can Save Me,Linkin Park,0.645,11.0,0.0107,4
591,5egqKwgK5r5rvGD1LrtR7J,Points of Authority,Linkin Park,0.512,8.0,0.03,4
592,7oVEtyuv9NBmnytsCIsY5I,BURN IT DOWN,Linkin Park,0.585,9.0,0.0143,4
594,6OocN63GLU7NF0wHdewhID,Invisible,Linkin Park,0.47,11.0,0.0455,4
599,5rAxhWcgFng3s570sGO2F8,A Place for My Head,Linkin Park,0.603,11.0,0.0144,4
600,2zjEMw9kkROEbAxIXk6Ivp,Shadow of the Day,Linkin Park,0.534,11.0,0.00479,4
609,2jYmK1cb3Uya6FFsocdpzO,Why,Sabrina Carpenter,0.669,11.0,0.157,4
611,1Sl3njkhhz8nrSPZroDQ82,Complicated (feat. Kiiara),Dimitri Vegas & Like Mike,0.678,8.0,0.191,4
618,5eqK0tbzUPo2SoeZsov04s,Bank Account,21 Savage,0.884,8.0,0.0151,4
621,6ugfXI78iAzjiw2yl1CXDU,Overtime,LANY,0.719,8.0,0.0232,4
624,0I4W2KgA6nBaphEf6g8DLE,Walk Away,LANY,0.344,10.0,0.403,4
625,57p8CBvPOxrvyCbn6ttl5r,Would You Ever,Skrillex,0.653,10.0,0.0079,4
634,22BH6K8RlpwNzIINvWS4Jj,(Not) The One,Bebe Rexha,0.61,8.0,0.0281,4
637,7nZmah2llfvLDiUjm0kiyz,Friends (with BloodPop®),Justin Bieber,0.744,8.0,0.00459,4
638,6VCrPY3rpckaEU8KXBITVJ,"Balisong (Theme Song of the Movie ""100 Tula Para Kay Stella"")",The Juans,0.337,9.0,0.327,4
639,2Vsetr5viGzrHDkC222PAT,I Need You More Today,Caleb Santos,0.474,11.0,0.36,4
643,5XiZK7m9PLppgIzJBpw2x5,Wait,Martin Jensen,0.649,8.0,0.178,4
646,2VjtYe7gpfUi2OkGxR2O2z,Look What You Made Me Do,Taylor Swift,0.767,9.0,0.21,4
647,7GX5flRQZVHRAGd6B4TmDO,XO Tour Llif3,Lil Uzi Vert,0.732,11.0,0.00264,4
650,2771LMNxwf62FTAdpJMQfM,Bodak Yellow,Cardi B,0.929,11.0,0.0672,4
651,5XQMr19TL7Mfksq9zihbOu,Questions,Chris Brown,0.614,10.0,0.00543,4
653,53mrVsi49rLHIaKBiSvElG,do re mi (feat. Gucci Mane),blackbear,0.746,8.0,0.007,4
654,248OFOZef6ShXv6DGgbnxU,Saved,Khalid,0.739,10.0,0.189,4
658,2NecaO9lqX35z3XmuNuOgh,Written in the Scars,The Script,0.597,10.0,0.0198,4
669,1j4kHkkpqZRBwE0A4CN4Yv,Dusk Till Dawn - Radio Edit,ZAYN,0.258,11.0,0.101,4
670,5AEtlRudpgdT5FtNiuly6Y,"Let Me Go (with Alesso, Florida Georgia Line & watt)",Hailee Steinfeld,0.659,8.0,0.0393,4
671,0o7glLPfZgns8ZF14Wlpf7,Love So Soft,Kelly Clarkson,0.811,11.0,0.00755,4
676,7Lgpic8BsBJR4jFrr9abbz,I Believe I'm Fine,Robin Schulz,0.711,10.0,0.271,4
680,5ygDXis42ncn6kYG14lEVG,Baby Shark,Pinkfong,0.829,8.0,0.259,4
682,2tdq0CeAGSfhI2l4Gwkvgx,Best Of Me,BTS,0.651,8.0,0.0298,4
687,5nq1uTNIR1cBR72T87viS0,Go Go,BTS,0.856,10.0,0.171,4
691,7iDa6hUg2VgEL1o1HjmfBn,Meant to Be (feat. Florida Georgia Line),Bebe Rexha,0.643,10.0,0.047,4
695,4ioNqWWd8Ivz4bLfrn3bBN,Heartline,Craig David,0.758,8.0,0.326,4
701,75ZvA4QfFiZvzhj2xkaWAh,I Fall Apart,Post Malone,0.556,8.0,0.0689,4
702,1JhRlvSiWkOk8tlUj43ahm,Malayo Na Tayo,Silent Sanctuary,0.461,9.0,0.38,4
703,7fwXWKdDNI5IutOMc5OKYw,Mi Gente (feat. Beyoncé),J Balvin,0.705,11.0,0.0249,4
705,7cQMJ0wDqVS5iM0JIvP6Ay,The Last Of The Real Ones,Fall Out Boy,0.577,8.0,0.00527,4
708,7pstxLUhvsJC3M4TxHe2aI,Carry You Home,Tiësto,0.518,8.0,0.0308,4
715,1WtpRQUvbyZAoEchymInA9,"Sundo - From ""The Good Son""",Moira Dela Torre,0.436,11.0,0.404,4
720,2PJ55QsqjSVwN2esqfMDFu,We Could Go Back,Jonas Blue,0.701,8.0,0.118,4
731,1CxLWO9XW1aK4yv7zViVdn,Seeing Blind,Niall Horan,0.715,9.0,0.0375,4
732,7EI6Iki24tBHAMxtb4xQN2,Anywhere,Rita Ora,0.628,11.0,0.0364,4
733,7EmGUiUaOSGDnUUQUDrOXC,Wolves,Selena Gomez,0.715,11.0,0.139,4
737,6V1XbtfGGmfEkyBtTlapw1,Help Me Out,Maroon 5,0.935,11.0,0.461,4
743,0tDfp0vFR95Gg6Mrhza3lX,Call It What You Want,Taylor Swift,0.599,9.0,0.193,4
762,2z4pcBLQXF2BXKFvd0BuB6,Tip Toe (feat. French Montana),Jason Derulo,0.845,10.0,0.0233,4
768,4dVpf9jZjcORqGTLUaeYj9,Plain Jane,A$AP Ferg,0.797,11.0,0.0651,4
773,7Ed6BkggCS2KaKY5YlINaF,MIC Drop (feat. Desiigner) [Steve Aoki Remix],BTS,0.613,10.0,0.0157,4
781,27Yn7MnLRP7YDnA11fRyl5,Extensyon,Inigo Pascual,0.649,8.0,0.184,4
786,7CneiDesUKFJO3Ix01dnfr,Delicate,Taylor Swift,0.75,9.0,0.216,4
788,6NWl2m8asvH83xjuXVNsuG,Betrayed,Lil Xan,0.823,10.0,0.416,4
790,7sO5G9EABYOXQKNPNiE9NR,Ric Flair Drip (with Metro Boomin),Offset,0.88,9.0,0.149,4
791,0OnfGJsCc1m9utfUYqid6O,Don’t Blame Me,Taylor Swift,0.615,9.0,0.106,4
801,0RTzJVkunbGwuRjXDFHnjf,Dreamer,Axwell /\ Ingrosso,0.627,10.0,0.0237,4
809,5UEnHoDYpsxlfzWLZIc7LD,River (feat. Ed Sheeran),Eminem,0.757,8.0,0.17,4
817,1Dk8oCU570wW9C6Rt8I9gL,Just Love Ngayong Christmas,Various Artists,0.628,9.0,0.307,4
833,3EbXTGemXMJGiulLHooO9A,Give Love on Christmas Day,Daniel Padilla,0.626,8.0,0.303,4
847,3OfiRybgoMcTtEFKuvyx0r,I'll Be Home For Christmas,Pentatonix,0.61,8.0,0.098,4
853,0KaUTLgQTHW0hIRi9vuPEF,Christmas Bonus,Aegis,0.654,9.0,0.325,4
863,5lyikKk6KFWfWCuDDir9Fx,Rockin' Around The Christmas Tree,Miley Cyrus,0.603,10.0,0.0409,4
866,75FDPwaULRdYDn4StFN2rT,Bartier Cardi (feat. 21 Savage),Cardi B,0.909,8.0,0.000704,4
870,4ohMD1wzaaOC2I6jSGFMeP,Mi Gente - Alesso Remix,J Balvin,0.67,11.0,0.00855,4
873,7fSPXg9avmHAkLopHA7YFe,Down (feat. Gucci Mane),Fifth Harmony,0.53,8.0,0.0162,4
879,1YLSTCHPgTtXjG06sljS85,Know Love,DVBBS,0.537,10.0,0.0862,4
884,5ChkMS8OtdzJeqyybCc9R5,Billie Jean,Michael Jackson,0.92,11.0,0.0236,4
885,3b0EOvScbZUc0qJx0E1L2z,I Want You Back,The Jackson 5,0.639,8.0,0.29,4
906,2gxqozTaq2NYylvS8jd57G,Into It,Camila Cabello,0.569,11.0,0.451,4
907,630sXRhIcfwr2e4RdNtjKN,Rewrite The Stars,Zac Efron,0.684,10.0,0.0716,4
916,7jqDzXJS0K0Re8uphYNit0,Sick Boy,The Chainsmokers,0.548,11.0,0.104,4
918,0qiOvJj5gzSnrG0i4ntVqC,St4y Up,Nadine Lustre,0.815,11.0,0.411,4
927,09ts3GnICqYEU5PkQCpJK3,Say Something (feat. Chris Stapleton),Justin Timberlake,0.707,10.0,0.103,4
934,3HMzCcVRL5fHNF0Uv73LFV,Only One,Carlie Hanson,0.558,8.0,0.254,4
939,43ay9lQZ5rfNcOOHhRF2cM,The Greatest Show,Hugh Jackman,0.417,11.0,0.000239,4
940,5RFHiLHCt7dDgKfCAdD5vj,Hey Barbara,IV Of Spades,0.836,10.0,0.217,4
942,0GVuLQtPXFaL18ijEOqoAa,Tightrope,Michelle Williams,0.351,9.0,0.3,4
947,23pURM1bccelxmpg6hnCro,"Where Have You Been, My Disco?",IV Of Spades,0.848,10.0,0.15,4
949,1nIQVdsw5WeSO4LK0S3zBF,Materyal,Shanti Dope,0.781,8.0,0.162,4
953,08bNPGLD8AhKpnnERrAc6G,FRIENDS,Marshmello,0.626,9.0,0.205,4
954,7lAeknkZz0KCk2RmAZESHF,High (& Dua Lipa),Whethan,0.712,10.0,0.121,4
956,0WWKJsCjOAhymkdt8GuKTt,Back At One,Brian McKnight,0.661,11.0,0.452,4
957,2CvOqDpQIMw69cCzWqr5yr,Halo,Beyoncé,0.422,11.0,0.273,4
960,1Ogf7FqBhlkt8rLC6tDT2A,I Knew I Loved You,Savage Garden,0.609,9.0,0.306,4
962,5jyyPsIGM2yqkZN9R3TmvN,The Ways (with Swae Lee),Khalid,0.727,11.0,0.0626,4
963,4qKcDkK6siZ7Jp1Jb4m0aL,Look Alive (feat. Drake),BlocBoy JB,0.922,10.0,0.00104,4
971,4SN0eYjvqBmElFQxP0Inys,Sundo,Moira Dela Torre,0.355,11.0,0.387,4
979,0SvxydoxEEkXt9aMAqTfpB,Wait (feat. A Boogie Wit da Hoodie),Maroon 5,0.707,8.0,0.0628,4
985,4YAgH8s0JFfwikTNwe0aIk,Daydream (백일몽),j-hope,0.748,8.0,0.00512,4
989,464jQiBOieEQBuo48qnPJl,Base Line,j-hope,0.909,9.0,0.0376,4
991,2ATlxy4UImFBJlHFQMSAst,Norem,Shanti Dope,0.682,9.0,0.045,4
994,35ieKju5aLWFN5UgfJ27mL,SAD!,XXXTENTACION,0.74,8.0,0.258,4
1002,2mn5o4dC90qh40fCH1VVR9,Bakit Ganyan Ka?,Gracenote,0.673,9.0,0.401,4
1003,4foROzWuWa3fED6jc6BjK1,Your Side Of The Bed,Loote,0.776,8.0,0.0797,4
1005,7wD6iRghe6SnKHkvHqpnC5,"Colors - Coca-Cola® Anthem, 2018 FIFA World CupTM",Jason Derulo,0.707,8.0,0.0278,4
1008,10Igtw8bSDyyFs7KIsKngZ,Freaky Friday (feat. Chris Brown),Lil Dicky,0.755,8.0,0.147,4
1010,3pIigjAWkzwAonXpJ1fmSF,Everybody Hates Me,The Chainsmokers,0.471,11.0,0.00836,4
1012,0RUTnY2B3s05fZuCHsNaUP,Alien,Sabrina Carpenter,0.72,10.0,0.0588,4
1013,2z7UKVsBdbA7HFPunDKDP4,Strawberries & Cigarettes,Troye Sivan,0.514,9.0,0.16,4
1015,6tvQzeCPwOytDlBYCIOY0n,Breathe,Jax Jones,0.722,11.0,0.0234,4
1021,0gD6lWJhbXHWNVwQziSVvl,Plug Walk,Rich The Kid,0.882,11.0,0.224,4
1028,56d6kYZhfhzpoC3s1dRU2V,I Was Never There,The Weeknd,0.32,10.0,0.133,4
1034,3zIG0WuI5RoJsFYnErkFDU,Don't Leave Me,BTS,0.62,8.0,0.116,4
1035,7ef4DlsgrMEH11cDZd32M6,One Kiss (with Dua Lipa),Calvin Harris,0.791,9.0,0.037,4
1036,1cTZMwcBJT0Ka3UJPXOeeN,Nice For What,Drake,0.567,8.0,0.0934,4
1037,7gevvAspxft2qQmcvJjNBH,A Good Night,John Legend,0.53,10.0,0.104,4
1041,7Fg342AJtNsIDdwCfX0paC,Let Me,ZAYN,0.46,9.0,0.239,4
1042,2PhG74FocRobLC8pP9cIBI,What is Love?,TWICE,0.573,8.0,0.0846,4
1047,41dykwc7XRMk44xgg8hykQ,Ferrari,Bebe Rexha,0.577,8.0,0.0161,4
1050,3pWcj8hxj3fsb9TDAcMpEl,Somebody,The Chainsmokers,0.532,10.0,0.186,4
1055,2UciqgwVDwro0fev3MFbxJ,ATM,J. Cole,0.772,8.0,0.115,4
1072,3roMGtDfleE2N8M56E2WFs,We Do (feat. Miranda Glory),R3HAB,0.377,10.0,0.241,4
1073,0Y4hwUppbGc8aIBmiTz30A,Familiar,Liam Payne,0.636,9.0,0.0161,4
1077,7dt6x5M1jzdTEt8oCbisTK,Better Now,Post Malone,0.68,10.0,0.331,4
1088,5Co8mnbtshK44Uh96aHxdu,The Way I Am,Charlie Puth,0.755,10.0,0.314,4
1092,73F87Sqh6jQWucOOvz1WFx,Genius,Sia,0.622,11.0,0.0864,4
1094,2OvV4NjEBRE9v8Oo7QeUCq,Jump (with Trippie Redd),Julia Michaels,0.654,10.0,0.25,4
1099,1YNQscOx6OqBQjxgJVhEeW,"Girls (feat. Cardi B, Bebe Rexha & Charli XCX)",Rita Ora,0.728,8.0,0.0164,4
1102,0BOEuUKoHdy8in20fG5smd,Messy,Kiiara,0.893,9.0,0.216,4
1103,01k24g94i1JvkFLQmVEdCd,If You're Over Me,Years & Years,0.647,8.0,0.0615,4
1110,38td8VabuKlQt72Q2VnhbO,134340,BTS,0.664,11.0,0.153,4
1111,645YBsxhFPSOKxGep3uHLv,Love Maze,BTS,0.636,9.0,0.0487,4
1113,4CvId64YZSB0RfRdfzPIQU,So What,BTS,0.656,9.0,0.0238,4
1117,6kPJZM97LwdG9QIsT7khp6,Solo (feat. Demi Lovato),Clean Bandit,0.737,11.0,0.0441,4
1134,619pVMIK3WvX529JIkQTY3,Give Yourself A Try,The 1975,0.331,11.0,3.12e-05,4
1137,3qnoOm4fwZPBS116f5hpgF,All Mine,Kanye West,0.925,11.0,0.125,4
1153,0wFmawqundY8rOn9sZUqA6,Midsummer Madness,88rising,0.409,9.0,0.359,4
1155,54oMZ3blwWwuPN4wEoG5mk,I'm Upset,Drake,0.899,11.0,0.263,4
1156,1NbGcdgwRHZ5rbPIT9hdR3,Dance To This (feat. Ariana Grande),Troye Sivan,0.736,11.0,0.00632,4
1161,3AyLh4R4D3fQfyqCsTdFf3,See U Later,BLACKPINK,0.74,9.0,0.0376,4
1166,4UQajPk0EPvbwWTl0fYi4C,Moving Along,5 Seconds of Summer,0.713,11.0,0.00529,4
1172,3BT6pJdmvpsjCHsbZg9fzF,I'm a Mess,Bebe Rexha,0.63,11.0,0.00281,4
1188,3pO8AS9mXlI85OsHbJa4Jf,SUNRISE,Ben&Ben,0.544,8.0,0.246,4
1189,5fcM0StdQxMjzulVGhFkHN,8 Out Of 10,Drake,0.534,11.0,0.164,4
1190,0bAkKNCQfWkexHFn7fIKns,In My Feelings,Drake,0.735,8.0,0.00623,4
1191,71SEHJPt1iDwGkBhUOAXDP,Survival,Drake,0.685,9.0,0.134,4
1197,3Yw09dj3cTXsAzlLjgBfIP,Talk Up,Drake,0.759,11.0,0.0039,4
1201,5nMKJJ5Rl6X1yn58aVeICO,Bulong,December Avenue,0.5,9.0,0.0319,4
1208,0At2qAoaVjIwWNAqrscXli,Boo'd Up,Ella Mai,0.561,10.0,0.0862,4
1210,514mQDPkXmPzsYwGNmkBJZ,SEE U LATER - KR Ver.,BLACKPINK,0.744,9.0,0.0399,4
1224,6cQnrSlTxhHCCiUpKrs7g3,Jumpsuit,Twenty One Pilots,0.619,11.0,0.00781,4
1227,4gB61mP4tNChn4LgfquMhi,Thru These Tears,LANY,0.711,11.0,0.154,4
1237,6GIzDc4xBUeYHwubWwTrhC,Kahit Di Mo Alam,December Avenue,0.45,10.0,0.132,4
1242,6e2PtJYcltVk76nLwxBzRn,One Day (feat. Ryan Tedder),Logic,0.529,10.0,0.118,4
1249,5yNEdBlZMxpcVtGKz5NFk5,Side Effects (feat. Emily Warren),The Chainsmokers,0.673,8.0,0.00277,4
1253,7wBJfHzpfI3032CSD7CE2m,STARGAZING,Travis Scott,0.487,8.0,0.00947,4
1258,2xLMifQCjDGFmkHkpNLD9h,SICKO MODE,Travis Scott,0.834,8.0,0.00513,4
1261,381g0b6QZxC13SzA2HRMIc,Power Up,Red Velvet,0.732,8.0,0.0774,4
1269,59D6pNWyn8UXPpos5fbAqm,We Don't Care,Sigala,0.423,10.0,0.0316,4
1272,5UV4u1vdRO9zvsqe1rjNBO,Feels So Good ◑,HONNE,0.368,9.0,0.41,4
1273,637uCaC8im9B7Pe2O2Z53w,Sino,Unique Salonga,0.676,11.0,0.168,4
1279,4OafepJy2teCjYJbvFE60J,breathin,Ariana Grande,0.568,8.0,0.0211,4
1282,0WdR2AyLW1Drd3OUdwezM0,everytime,Ariana Grande,0.71,10.0,0.186,4
1283,1xWH8zYtDeS9mW1JJG23VZ,R.E.M,Ariana Grande,0.831,10.0,0.375,4
1289,3NbTQ8ZbHU6MSEVUFAVCJ9,better off,Ariana Grande,0.597,11.0,0.216,4
1291,5N5k9nd479b1xpDZ4usjrg,Promises (with Sam Smith),Calvin Harris,0.781,11.0,0.0119,4
1292,6wvlEKW2qxucJSBXYpMV2P,TOOTIMETOOTIMETOOTIME,The 1975,0.662,8.0,0.166,4
1293,1349a1cfv3J1bb0qGch29z,Almost Love,Sabrina Carpenter,0.81,9.0,0.111,4
1296,03iCbZaM4OkRR4We6wIzvx,IDOL,BTS,0.709,9.0,0.00219,4
1300,0EQMrxdeiBhry9JCxskko3,I'm Fine,BTS,0.51,11.0,0.00852,4
1310,75scDPqGs75FotglJSoOI2,MIC Drop (Steve Aoki Remix) [Full Length Edition],BTS,0.606,11.0,0.0114,4
1317,60SdxE8apGAxMiRrpbmLY0,Lucky You (feat. Joyner Lucas),Eminem,0.876,10.0,0.0627,4
1320,28FGV3ORH14MYORd7s5dlU,Not Alike (feat. Royce Da 5'9),Eminem,0.904,10.0,0.0692,4
1326,4D5Ode2OfZMxIwQyvmhUe8,Lil’ Touch,Girls' Generation-Oh!GG,0.791,11.0,0.0114,4
1329,0CBFOvHlyqy30Q5tbyNHfQ,Want To,Dua Lipa,0.572,8.0,0.0788,4
1344,0YammaEkYSeo9vQYZ1OwS6,Say My Name,David Guetta,0.703,10.0,0.137,4
1352,6xtcFXSo8H9BZN637BMVKS,Let You Love Me,Rita Ora,0.531,10.0,0.288,4
1354,4w8niZpiMy6qz1mntFA5uM,"Taki Taki (with Selena Gomez, Ozuna & Cardi B)",DJ Snake,0.842,8.0,0.157,4
1356,575NJxNUVDqwJGdzBrlLbv,Lost In Japan - Remix,Shawn Mendes,0.706,10.0,0.0911,4
1358,3JX0dOCIAiaR8MP3ryXWuM,What About Me (feat. Sosamann),Lil Wayne,0.785,10.0,0.0263,4
1362,7d6XJZjnm7iWcKwYL9z5kC,Noticed,Lil Mosey,0.699,11.0,0.462,4
1363,7noud145AHZGg74vpWOsCa,Trip,Ella Mai,0.717,11.0,0.214,4
1365,7DMPq3XndRJaj6NTINsLOz,Let Me Know,LANY,0.696,11.0,0.264,4
1366,2juRA8DhQePry4eb2LMUMM,Valentine's Day,LANY,0.545,8.0,0.13,4
1367,0QXHHEi0rHMwmkxK5pvc05,Run,LANY,0.705,8.0,0.123,4
1377,7l3E7lcozEodtVsSTCkcaA,ZEZE (feat. Travis Scott & Offset),Kodak Black,0.861,8.0,0.0515,4
1379,7jr3iPu4O4bTCVwLMbdU2i,Kiss and Make Up,Dua Lipa,0.678,8.0,0.0658,4
1384,5tAa8Uaqr4VvA3693mbIhU,Ruin My Life,Zara Larsson,0.665,11.0,0.423,4
1386,2x1D20z93vGEjtTP07GOOr,Swear It Again - Radio Edit,Westlife,0.626,9.0,0.296,4
1389,5Zlo5ZYjrr6DwQw1kBi5bA,moonchild,RM,0.504,9.0,0.0254,4
1401,2LskIZrCeLxRvCiGP8gxlh,Arms Around You (feat. Maluma & Swae Lee),XXXTENTACION,0.703,9.0,0.0302,4
1408,7wfbHZcNtENuAcbog7c6kQ,Ooh La La La,EXO,0.65,8.0,0.238,4
1409,1fRaznZsAB2i63TtmYv2Hc,La Vie en Rose,IZ*ONE,0.698,9.0,0.0899,4
1414,6cFZ4PLC19taNlpl9pbGMf,Somebody To Love - Remastered 2011,Queen,0.497,8.0,0.19,4
1419,184XtKkzoAl83quIarUAJP,YES or YES,TWICE,0.702,11.0,0.0514,4
1424,0DC7Zs2qvAbNK1owWQ4mlL,Perfect to Me,Anne-Marie,0.604,8.0,0.0889,4
1427,7GqWnsKhMtEW0nzki5o0d8,Killer Queen - Remastered 2011,Queen,0.535,10.0,0.379,4
1431,1lCRw5FEZ1gPDNPzy1K4zW,We Are The Champions - Remastered 2011,Queen,0.268,10.0,0.378,4
1434,6mQLN3zRtAp6ovjusyYKrV,Rewrite The Stars (with James Arthur & Anne-Marie),James Arthur,0.67,10.0,0.237,4
1445,0Xq3TsWq8bCm7myxpBm0rh,Switch It Up,Lavaado,0.939,11.0,0.0723,4
1451,61sqsOPon94ecMskeEXwev,Better To Lie (with Jesse & Swae Lee),benny blanco,0.758,10.0,0.0376,4
1457,0todbbT9g5uQGbeFCiBf2F,imagine,Ariana Grande,0.714,8.0,0.374,4
1460,4Uy3kNxW2kB8AEoXljEcth,"Familia (with Anuel Aa, feat. Bantu) - Spider-Man: Into the Spider-Verse",Nicki Minaj,0.766,9.0,0.0166,4
1464,7Lbxvt42JsNSKVCaN63qhD,Wonderful Christmastime [Edited Version] - Remastered 2011 / Edited Version,Paul McCartney,0.774,11.0,0.322,4
1470,3nAp4IvdMPPWEH9uuXFFV5,Underneath the Tree,Kelly Clarkson,0.509,8.0,0.0013,4
1478,3Z3QhZAZpqwZa1phsbQ3JZ,Driving Home for Christmas,Chris Rea,0.497,9.0,0.328,4
1482,5KHzV8Gf3aweIMImliFAOs,Happy Xmas (War Is Over) (feat. Sean Ono Lennon),Miley Cyrus,0.284,9.0,0.0626,4
1485,4uqRDeCgXPLQFYqA5uf5Tr,Feliz Navidad - Recorded at Spotify Studios NYC,Why Don't We,0.725,11.0,0.225,4
1486,78pn8k7RogKo2oxl0DyX6d,One More Sleep,Leona Lewis,0.638,11.0,0.464,4
1493,2ISl1zekPsc26sUQpVt8UB,Merry Christmas Everyone - Remastered,Shakin' Stevens,0.541,9.0,0.128,4
1496,6MWtB6iiXyIwun0YzU6DFP,Wow.,Post Malone,0.833,11.0,0.163,4
1500,1ZLrDPgR7mvuTco3rQK8Pk,Way Back Home (feat. Conor Maynard) - Sam Feldt Edit,SHAUN,0.737,10.0,0.269,4
1504,1gdMKFGWrI34ZTO8k7Hfg6,Call You (feat. Nasri of MAGIC!),Cash Cash,0.494,10.0,0.12,4
1506,4e9rEIp7jCIi8gIovPWpGq,Control (feat. Bryce Vine & Dan Caplen),Feder,0.739,11.0,0.122,4
1507,3Yf5jxphlAhLOuqhO4UQA8,Chambe,Alex Gonzaga,0.853,8.0,0.0999,4
1517,4KmkG7fVe8bNBUpCbKCdJQ,Anino,Up Dharma Down,0.562,9.0,0.254,4
1521,7e4KQkp5ZR1gXCAalRjX6B,Nights Like This (feat. Ty Dolla $ign),Kehlani,0.61,8.0,0.367,4
1526,3Eb5sztvEMa0Mqnb8DUAlU,Come Inside Of My Heart,IV Of Spades,0.676,10.0,0.00321,4
1533,6Yx181fZzA0YE2EkUsYruq,Big Plans,Why Don't We,0.693,11.0,0.0668,4
1534,2JvzF1RMd7lE3KmFlsyZD8,MIDDLE CHILD,J. Cole,0.837,8.0,0.149,4
1535,7COXchtUOMd6uIT6HvmRaI,i'm so tired...,Lauv,0.599,11.0,0.176,4
1546,3wFLWP0FcIqHK1wb1CPthQ,fake smile,Ariana Grande,0.45,9.0,0.329,4
1551,3UVmcKKagaUqqruhrnyOiA,"Ikaw Ang Aking Mahal - Recorded at Kodama Studios, Philippines",juan karlos,0.314,8.0,0.0627,4
1555,4yLc803i7qcWx4V2piWPH5,Magkunwari ('Di Man Tayo) [TODA One I Love Official Soundtrack],December Avenue,0.523,11.0,0.061,4
1557,5S4T2Pdr8qhetF3UhkwuMj,'Di Na Babalik,This Band,0.358,10.0,0.00819,4
1558,6G7DuXoSGeAf6BZivJdEjF,달라달라 DALLA DALLA,ITZY,0.79,11.0,0.00116,4
1560,7MP2p4bsW7lBGrg48oYSiA,Mitsa (Salamat),Ben&Ben,0.441,9.0,0.143,4
1561,6BxJLJw228OY5BFerPGl7z,Dahan,December Avenue,0.516,10.0,0.318,4
1568,4mGdjNMo0RonTlOEb7cYg4,11 Minutes (with Halsey feat. Travis Barker),YUNGBLUD,0.464,11.0,0.0116,4
1571,3Kuu5vASpXK8oRsxOvau6P,Think About You,Kygo,0.673,10.0,0.166,4
1574,0i0wnv9UoFdZ5MfuFGQzMy,Last Hurrah,Bebe Rexha,0.514,11.0,0.175,4
1579,5w9c2J52mkdntKOmRLeM2m,Con Calma,Daddy Yankee,0.737,8.0,0.11,4
1580,0GU5GuJQQEnnREO2FxnVPT,달라달라 (DALLA DALLA),ITZY,0.79,11.0,0.00116,4
1581,5WHTFyqSii0lmT9R21abT8,Don't Call Me Up,Mabel,0.674,9.0,0.296,4
1582,1WSGTYKLEpKfNQYYW5Oymt,"I Can’t Get Enough (benny blanco, Selena Gomez, J Balvin, Tainy)",benny blanco,0.541,10.0,0.404,4
1587,1ahVFh0ViDZr8LvkEVlq3B,No Sleep (feat. Bonn),Martin Garrix,0.44,11.0,0.129,4
1589,5cadLqAgl7Y9zX3lRWdsPK,Cat & Dog,TOMORROW X TOGETHER,0.843,8.0,0.0668,4
1596,6JqpFboOH2bq9pzaYbkKBn,R.I.P. (feat. Rita Ora & Anitta),Sofía Reyes,0.764,8.0,0.18,4
1598,3npzogdOEiVsieXmmhBepL,The Bones,Maren Morris,0.612,11.0,0.279,4
1607,6IRdLKIyS4p7XNiP8r6rsx,all the good girls go to hell,Billie Eilish,0.726,8.0,0.283,4
1612,45ZGEdLxCZvdMX9jWlsAAx,I Don't Belong In This Club,Why Don't We,0.797,11.0,0.0202,4
1620,7tXQdx76iQVFeaBGDzXpZ2,DDU-DU DDU-DU - Remix,BLACKPINK,0.68,11.0,0.0336,4
1624,1E6DEDWDKHoOW0fcFuDghV,Don't Pretend (feat. SAFE),Khalid,0.697,11.0,0.258,4
1630,5KawlOMHjWeUjQtnuRs22c,Boy With Luv (feat. Halsey),BTS,0.645,11.0,0.0923,4
1631,5hnbE5BF2e8BCk9OMR1UVC,Mikrokosmos,BTS,0.58,8.0,0.125,4
1634,0eeeyCAGnGZInPtpkdYiPa,Jamais Vu,BTS,0.608,8.0,0.226,4
1636,2isSdmQfVv32j2haL6hk9x,Intro : Persona,BTS,0.469,9.0,0.0278,4
1638,4PkIDTPGedm0enzdvilLNd,Sixteen,Ellie Goulding,0.669,8.0,0.268,4
1643,3y3brCCecHC3Db18aIOnny,"Carry On (from the Original Motion Picture ""POKÉMON Detective Pikachu"")",Kygo,0.591,9.0,0.381,4
1647,1a0Mg4XPdt4EKsUz5beRZY,okay,LANY,0.71,8.0,0.0508,4
1650,4Q8aDd3H6LF8t4eY7So9O8,Light It Up (with Tyga & Chris Brown),Marshmello,0.81,11.0,0.0407,4
1657,0Lw6aQcBFWTQ9m4MSwwwes,Homicide,Logic,0.722,10.0,0.145,4
1658,3vGkyQlCw8LklNip0ZUELC,Nobela,Join The Club,0.358,8.0,0.36,4
1663,2MuMD298IpYqKF367wegUd,Homicide (feat. Eminem),Logic,0.694,10.0,0.137,4
1666,5MvLsT03RBp67RLoeISCdl,Do You Mean (feat. Ty Dolla $ign & bülow),The Chainsmokers,0.6,11.0,0.102,4
1669,33NwLcrJHLbENMoDeAPUNi,Bagong Umaga,Agsunta,0.595,10.0,0.157,4
1670,340UVheS8z3ncW9TTUhAbc,Nightmare,Halsey,0.611,9.0,0.0188,4
1671,0BnTBAGmr9FtYwkZrwKhwS,Just Us (feat. SZA),DJ Khaled,0.639,9.0,0.135,4
1672,5hVghJ4KaYES3BFUATCYn0,EARFQUAKE,"Tyler, The Creator",0.554,9.0,0.23,4
1681,6aoGtdWXBkYQ2O2wnyIz2x,Not Ok,Kygo,0.618,11.0,0.0292,4
1683,5PYQUBXc7NYeI1obMKSJK0,Never Really Over,Katy Perry,0.77,8.0,0.194,4
1684,1HpzOCZbNWzxvvXfSGtSrX,Find U Again (feat. Camila Cabello),Mark Ronson,0.605,8.0,0.00548,4
1686,0lhZsFfTpITnjK5q8lrDLR,NO ONE,LeeHi,0.745,11.0,0.226,4
1689,1Pt2STlAgfB1CiEV8mf3CN,Prince Ali,Will Smith,0.409,10.0,0.0574,4
1690,3E7dfMvvCLUddWissuqMwr,Party In The U.S.A.,Miley Cyrus,0.652,10.0,0.00112,4
1700,5XkyZyKMdFungjDb9cUKc3,A Brand New Day (BTS World Original Soundtrack) [Pt. 2],BTS,0.804,8.0,0.339,4
1703,5ry2OE6R2zPQFDO85XkgRb,Money In The Grave (Drake ft. Rick Ross),Drake,0.831,10.0,0.101,4
1706,0TK2YIli7K1leLovkQiNik,Señorita,Shawn Mendes,0.759,9.0,0.037,4
1711,6moU77g9RQyMzHNuKEaQKq,It's You,Ali Gatie,0.732,11.0,0.374,4
1721,6oJ6le65B3SEqPwMRNXWjY,Higher Love,Kygo,0.693,8.0,0.0151,4
1723,4ak7xjvBeBOcJGWFDX9w5n,Rodeo,Lil Nas X,0.706,9.0,0.139,4
1725,6kls8cSlUyHW2BUOkDJIZE,Hate Me (with Juice WRLD),Ellie Goulding,0.657,8.0,0.108,4
1731,5dW1VZPcFqB4n0P08rGDgm,The Git Up,Blanco Brown,0.847,9.0,0.0669,4
1734,4vUmTMuQqjdnvlZmAH61Qk,South of the Border (feat. Camila Cabello & Cardi B),Ed Sheeran,0.857,9.0,0.148,4
1737,0AtP8EkGPn6SwxKDaUuXec,Remember The Name (feat. Eminem & 50 Cent),Ed Sheeran,0.852,11.0,0.135,4
1738,1tC5WMSlsGDFfqnrquB1ty,"SPIRIT - From Disney's ""The Lion King""",Beyoncé,0.448,10.0,0.00988,4
1739,1AI7UPw3fgwAFkvAlZWhE0,Take Me Back to London (feat. Stormzy),Ed Sheeran,0.885,8.0,0.219,4
1755,6jZBYN0CFwshqb6i3m4HOL,Rawstarr 'Til I Die,Psychedelic Boyz,0.577,11.0,0.0728,4
1762,0Ryd8975WihbObpp5cPW1t,boyfriend (with Social House),Ariana Grande,0.4,10.0,0.119,4
1766,1gZFRYcPz3wKevEaNYRwfW,Time - Edit,NF,0.665,8.0,0.128,4
1774,6osaMSJh9NguagEDQcZaKx,Loco Contigo (feat. J. Balvin & Tyga),DJ Snake,0.694,11.0,0.278,4
1784,1BxfuPKGuaTgP7aM0Bbdwr,Cruel Summer,Taylor Swift,0.552,9.0,0.117,4
1788,4y5bvROuBDPr5fuwXbIBZR,Paper Rings,Taylor Swift,0.811,9.0,0.0129,4
1789,214nt20w5wOxJnY462klLw,Miss Americana & The Heartbreak Prince,Taylor Swift,0.662,11.0,0.028,4
1793,1SymEzIT3H8UZfibCs3TYi,Afterglow,Taylor Swift,0.756,9.0,0.13,4
1799,5uHl2eYaITSX6xEX8bmaXy,Adios,EVERGLOW,0.633,10.0,0.000587,4
1800,26wLOs3ZuHJa2Ihhx6QIE6,Teeth,5 Seconds of Summer,0.749,10.0,0.0516,4
1807,7cHycXGo5HnVQ5NkI3dLWK,Baliw,SUD,0.65,8.0,0.135,4
1808,6nCAuV8db9kn8S3TOlp5BA,A Perfect Christmas,Jose Mari Chan,0.543,9.0,0.397,4
1810,7LzouaWGFCy4tkXDOOnEyM,Liar,Camila Cabello,0.74,11.0,0.0169,4
1813,6VqZS3Wmf53pbfDBVEYvnP,Hindi Tayo Pwede,The Juans,0.283,11.0,0.437,4
1819,6V9fHiv84WlVTg7CSnIVY2,Graveyard,Halsey,0.667,11.0,0.231,4
1823,0y675KDleCZEudjoeL1sQQ,Feelings,Lauv,0.694,9.0,0.0934,4
1826,4W9IB5GJB8w6t9dcvdHb8B,GET LOUD,TWICE,0.727,11.0,0.046,4
1829,5RyWp0PkR0Zns1ThRftc6y,21:29,TWICE,0.654,11.0,0.114,4
1834,2wrJq5XKLnmhRXHIAf9xBa,"10,000 Hours (with Justin Bieber)",Dan + Shay,0.654,10.0,0.153,4
1836,5WrEilrRI5cIW0DxMvQYPZ,Jopping,SuperM,0.74,10.0,0.0139,4
1838,7x9nXsowok1JszkVztI5NI,Writing on the Wall (feat. Post Malone & Cardi B),French Montana,0.773,9.0,0.283,4
1839,40nPimvmG05WYS7983bawZ,Cry for Me,Camila Cabello,0.721,9.0,0.05,4
1850,5nCthAh3jt4xKuLJAifAaR,Harleys In Hawaii,Katy Perry,0.722,10.0,0.185,4
1856,4yI3HpbSFSgFZtJP2kDe5m,Look At Her Now,Selena Gomez,0.563,10.0,0.114,4
1857,6YQlCOZnlFmqeciAh58fDE,Orphans,Coldplay,0.503,11.0,0.0258,4
1859,0Z26mbSHJ1dkUu7g9DDgif,Trigger,Major Lazer,0.57,8.0,0.128,4
1861,24bnCCysWnbNRNUT4LpHcP,Everything We Need,Kanye West,0.894,9.0,0.312,4
1865,2SasoXZyv82yYgHiVOvxQn,On God,Kanye West,0.41,9.0,0.0671,4
1872,6WrI0LAC5M1Rw2MnX2ZvEg,Don't Start Now,Dua Lipa,0.794,11.0,0.0125,4
1896,7IQTt9WiyBf92QfzwTUdqZ,Kahit Sa Panaginip,December Avenue,0.469,8.0,0.0362,4
1908,57vxBYXtHMk6H1aD29V7PU,Heartless,The Weeknd,0.531,10.0,0.00632,4
1912,4TnjEaWOeW0eKTKIEvJyCa,Falling,Trevor Daniel,0.785,10.0,0.123,4
1916,1M4qEo4HE3PRaCOM7EXNJq,Adore You,Harry Styles,0.676,8.0,0.0237,4
1917,3yOlyBJuViE2YSGn3nVE1K,My Oh My (feat. DaBaby),Camila Cabello,0.724,8.0,0.018,4
1918,3TKpJrY9q49Mj1JOsM9zGL,Family,The Chainsmokers,0.584,11.0,0.426,4
1920,6cy3ki60hLwimwIje7tALf,RITMO (Bad Boys For Life),Black Eyed Peas,0.721,10.0,0.0334,4
1926,3CYH422oy1cZNoo0GTG1TK,Psycho,Red Velvet,0.664,8.0,0.193,4
1933,7EGqwboQMKQhBw4z49rBLI,With You This Christmas,Why Don't We,0.712,10.0,0.404,4
1939,0nbXyq5TXYPCO7pr3N8S4I,The Box,Roddy Ricch,0.896,10.0,0.104,4
1940,0KoiMHhqKLoL4xM54rcWYY,"Taki Taki (feat. Selena Gomez, Ozuna & Cardi B)",DJ Snake,0.842,8.0,0.157,4
1941,6Ozh9Ok6h4Oi1wUSLtBseN,BOP,DaBaby,0.769,11.0,0.189,4
1944,41L3O37CECZt3N7ziG2z7l,Yummy,Justin Bieber,0.687,9.0,0.366,4
1948,3Dv1eDb0MEgF93GpLXlucZ,Say So,Doja Cat,0.787,11.0,0.264,4
1950,5iFwAOB2TFkPJk8sMlxP8g,Make You Mine,PUBLIC,0.606,9.0,0.0128,4
1961,4wNIkl5XGiAACjFBlDWuSd,What A Man Gotta Do,Jonas Brothers,0.852,9.0,0.00839,4
1962,4AQzk2yNWKs6sYhZi6NzVN,Me & You Together Song,The 1975,0.272,9.0,1.65e-06,4
1964,5bSvsXRBUjGe8pGScU0hPz,Ivana,Soulstice,0.871,8.0,0.274,4
1965,7FIWs0pqAYbP91WWM0vlTQ,Godzilla (feat. Juice WRLD),Eminem,0.808,10.0,0.145,4
1967,1iIhGHzzrzqQfuNkFI2qAn,Any song,ZICO,0.874,10.0,0.118,4
1973,2JzZzZUQj3Qff7wapcbKjc,See You Again (feat. Charlie Puth),Wiz Khalifa,0.689,10.0,0.369,4
1977,3CyCjgTHFzqucmECajq8QA,DUN DUN,EVERGLOW,0.692,11.0,0.0457,4
1979,364dI1bYnvamSnBJ8JcNzN,Intentions,Justin Bieber,0.811,9.0,0.317,4
1980,0TrPqhAMoaKUFLR7iYDokf,Know Your Worth,Khalid,0.79,9.0,0.145,4
1985,5hff5RQeE84pznOt8WEWeO,Birthday,Anne-Marie,0.609,11.0,0.0502,4
1987,3HpJk0JSKcqR5IRm3xMYIb,Chinita,Raf Davis,0.719,10.0,0.0616,4
1989,5en0gvJmw9GeS9Xv4rnZ7U,Heart React,ALLMO$T,0.631,10.0,0.381,4
1991,4umIPjkehX1r7uhmGvXiSV,Intentions (feat. Quavo),Justin Bieber,0.806,9.0,0.3,4
1999,3IB5qOeMayvpOdHxYCL5tZ,ON (Feat. Sia),BTS,0.591,9.0,0.137,4
2000,1iCJrfkx5U4DtmkazBSYVG,ON,BTS,0.583,9.0,0.118,4
2001,0ono6UCNVZ1XqOm6j78Blu,Filter,BTS,0.781,10.0,0.0222,4
2005,1aKuG1GG76xPLUkjBbQo3W,UGH!,BTS,0.72,10.0,0.0394,4
2007,3bSrpGWHrMlwZ0TdBMXv1p,Inner Child,BTS,0.589,11.0,0.017,4
2009,3bHKTyjnhkhCOpTDYTMZmN,We are Bulletproof : the Eternal,BTS,0.526,9.0,0.225,4
2011,2Nib4r0saYQf2pUV4RFDhl,Interlude : Shadow,BTS,0.385,9.0,0.115,4
2013,7MZF7YLxOP2to9iblSulLc,Modern Loneliness,Lauv,0.702,8.0,0.144,4
2019,2kJu14V7hbZw3I4K8L8SXb,Stupid Love,Lady Gaga,0.676,8.0,0.00146,4
2021,1x8pFCRfBnDqckyB6mlZci,Titig,MC Einstein,0.797,8.0,0.146,4
2023,6NfrH0ANGmgBXyxgV2PeXt,La Difícil,Bad Bunny,0.685,8.0,0.0861,4
2040,6kWxIqQDsKFYCJGbU4AjCX,Hardest To Love,The Weeknd,0.467,10.0,0.0909,4
2050,24Yi9hE78yPEbZ4kxyoXAI,Roses - Imanbek Remix,SAINt JHN,0.77,8.0,0.0167,4
2054,7CHi4DtfK4heMlQaudCuHK,Lose Control,MEDUZA,0.598,10.0,0.129,4
2060,55CHeLEfn5iJ0IIkgaa4si,Savage,Megan Thee Stallion,0.843,11.0,0.0252,4
2064,1nYeVF5vIBxMxfPoL0SIWg,Hallucinate,Dua Lipa,0.627,10.0,0.033,4
2069,78qd8dvwea0Gosb6Fe6j3k,Boss Bitch,Doja Cat,0.707,10.0,0.127,4
2072,62aP9fBQKYKxi7PDXwcUAS,ily (i love you baby) (feat. Emilee),Surf Mesa,0.674,11.0,0.0686,4
2086,5VUQsLff8A3ruAyCdTxqzg,Who Am I,Casting Crowns,0.545,11.0,0.434,4
2096,7ytR5pFWmSjzHJIeQkgog4,ROCKSTAR (feat. Roddy Ricch),DaBaby,0.746,11.0,0.247,4
2106,5v4GgrXPMghOnBBLmveLac,Savage Remix (feat. Beyoncé),Beyoncé,0.822,10.0,0.016,4
2109,11VApNQCWLJdzxWrlmwzUa,Say So (feat. Nicki Minaj),Doja Cat,0.856,11.0,0.119,4
2114,5gtV3gSgfX1exeKgeceHR0,Bisayang Gwapito,Brian Pepito,0.8,8.0,0.342,4
2116,4HBZA5flZLE435QTztThqH,Stuck with U (with Justin Bieber),Ariana Grande,0.597,8.0,0.223,4
2118,28Tv8zltFDr5wBCG3Pfky4,I Love You's,Hailee Steinfeld,0.682,8.0,0.0262,4
2121,1lan3CApvveTezmBBGzsGu,Magasin,Eraserheads,0.415,11.0,0.132,4
2125,0SzvXb3BAWgTHACbIXGNPa,Halik,Kamikazee,0.525,11.0,0.0139,4
2129,4KL3FJYexPrPuMdPagHPXp,Yours,Raiden,0.676,8.0,0.137,4
2132,2qI0Uchpdc2RkzuhbRnnZ8,Can't You See Me?,TOMORROW X TOGETHER,0.59,9.0,0.0584,4
2137,24ySl2hOPGCDcxBxFIqWBu,Rain On Me (with Ariana Grande),Lady Gaga,0.672,9.0,0.021,4
2138,0H4ugk6rhnXmTl47ayy9O5,Daechwita,Agust D,0.65,8.0,0.0229,4
2141,4bTID1qPjca9WuTZGkGRKE,28,Agust D,0.679,9.0,0.0897,4
2155,6kKC35sKUh2FUx4M0qAL44,Candy,BAEKHYUN,0.649,11.0,0.24,4
2162,6R6ZoHTypt5lt68MWbzZXv,Sour Candy (with BLACKPINK),Lady Gaga,0.752,9.0,0.0604,4
2165,41A89rj3GoMG6ktN37L7PG,Alice,Lady Gaga,0.723,11.0,0.00334,4
2166,6hyQVqfHFvsJDjcmj4qrHf,Fun Tonight,Lady Gaga,0.645,11.0,0.364,4
2174,62hTXlVQacy3pjBW4ntRPl,1000 Doves,Lady Gaga,0.668,9.0,0.0236,4
2179,5NhDDt5Zy8yGOECN3PLRdE,FIREWORK,TWICE,0.7,10.0,0.115,4
2180,7HzvvhTmfzvD1dV4F7MIcm,SHADOW,TWICE,0.696,11.0,0.138,4
2183,1IX47gefluXmKX4PrTBCRM,What is Love,TWICE,0.574,8.0,0.0988,4
2197,0dZpw3h6KZhcHec61qwevZ,Banana (feat. Shaggy) - DJ FLe - Minisiren Remix,Conkarah,0.824,8.0,0.016,4
2198,4Aykm3xrOFSHrAnv80KUhh,ROCKSTAR (feat. Roddy Ricch) - BLM REMIX,DaBaby,0.747,11.0,0.197,4
2203,3H7ihDc1dqLriiWXwsc2po,Breaking Me,Topic,0.789,8.0,0.223,4
2211,6y6k14YN6MbKpGIv1Rk00Q,How You Like That,BLACKPINK,0.828,11.0,0.0694,4
2214,2kqnQCChvRpDRAasIwc4Rh,Maria,Hwa Sa,0.667,9.0,0.238,4
2215,2ccNaerby1wXA993dY6XsR,if this is the last time,LANY,0.565,11.0,0.0175,4
2219,5Pw4Q2Z2NttJtISFFxe9MK,la la la that’s how it goes,HONNE,0.792,11.0,0.00889,4
2220,0GPJSHYaXh8rZSSJoUMgyl,free love,HONNE,0.708,9.0,0.0625,4
2227,7AkgsceVCZ7YtpQhcminF8,lines on our faces,HONNE,0.54,10.0,0.373,4
2228,57RA3JGafJm5zRtKJiKPIm,Are You Bored Yet? (feat. Clairo),Wallows,0.682,8.0,0.156,4
2231,41vPeGMYDN84rC9FSv4BTl,Diamond,Red Velvet - IRENE & SEULGI,0.717,10.0,0.143,4
2235,44jJiCwGdnqqCkgqlvCIdp,Miloves (Otw Sayo),King Badger,0.766,11.0,0.239,4
2239,2D0dj3hVkRQJCp63cxCPEx,Stunnin' (feat. Harm Franklin),Curtis Waters,0.885,11.0,0.33,4
2242,6o3QUC5oAE4g6WxRIFcZtb,Wishing Well,Juice WRLD,0.65,9.0,0.00336,4
2244,3TZ7NHkMT82AhwuYsd00Hz,Your eyes tell,BTS,0.449,9.0,0.279,4
2250,1Z0sOoWABNbbiadSEea2z9,I,Twenty-Nine Eleven,0.522,11.0,0.276,4
2251,1GAAUZBTaIM1LwNpOJQJrZ,Boy With Luv - Japanese ver.,BTS,0.673,11.0,0.0661,4
2253,2MbdDtCv5LUVjYy9RuGTgC,"WHATS POPPIN (feat. DaBaby, Tory Lanez & Lil Wayne) - Remix",Tory Lanez,0.904,11.0,0.0631,4
2255,4CoxD8tetisleUQDA7vn1B,What You Waiting For,JEON SOMI,0.765,8.0,0.0164,4
2256,0h11wE1hTwKMxYd1NACgNb,Selene,NIKI,0.798,11.0,0.156,4
2262,2Bs4jQEGMycglOfWPBqrVG,Steal My Girl,One Direction,0.536,10.0,0.00433,4
2271,3jJ5NJ3aNWvV70Rd7hgZIH,Gotta Be You,One Direction,0.495,8.0,0.374,4
2281,0j5renyfv1ChCoe1ca7bDP,this is me trying,Taylor Swift,0.515,9.0,0.314,4
2297,0LAh3hfeuUekvLm3Nq6MmA,Love Goes - EDM Version,SB19,0.718,9.0,0.103,4
2304,4lSMKPkbZOAYPw3zxJ2eAF,you!,LANY,0.5,10.0,0.00648,4
2308,5PjjypAmfFPp5Axknx5mJ9,Can't Get Out,Jem Macatuno,0.615,10.0,0.363,4
2311,3tdKcnxykcmJcssYDGxoC2,Don’t Give A What,ITZY,0.735,11.0,0.112,4
2316,6QBZlIxCB2lAPU2bM1ut1p,Dynamite - Instrumental,BTS,0.861,11.0,0.00903,4
2324,2J4P46vCFm1rPkNkp9pZWX,Ice Cream (with Selena Gomez),BLACKPINK,0.79,9.0,0.0342,4
2325,2V4Fx72svQRxrFvNT1eq5f,THE BADDEST,K/DA,0.676,10.0,0.0215,4
2341,6cx06DFPPHchuUAcTxznu9,Head & Heart (feat. MNEK),Joel Corry,0.734,8.0,0.168,4
2358,32L3JmBCqHyvM16zyTcGVQ,Sulyap,Jom,0.651,9.0,0.268,4
2367,4zazrdH47Bkgunb3riXVlJ,I LOVE YOU,TREASURE,0.732,8.0,0.0101,4
2368,5hvwx5i67IwnCkjl9VHkNv,Diamonds,Sam Smith,0.653,10.0,0.154,4
2378,0QDBNUrc51sGxzmMTvH5kF,Normal People (feat. rei brown),Joji,0.678,10.0,0.384,4
2381,4jVBIpuOiMj1crqd8LoCrJ,FRANCHISE (feat. Young Thug & M.I.A.),Travis Scott,0.835,8.0,0.00671,4
2385,1XnpzbOGptRwfJhZgLbmSr,Pretty Savage,BLACKPINK,0.701,9.0,0.00886,4
2387,7iKDsPfLT0d5mu2htfMKBZ,Love To Hate Me,BLACKPINK,0.686,8.0,0.0334,4
2395,0Aii1ZdrQwkas2lrRFz6ZY,anything 4 u,LANY,0.568,10.0,0.138,4
2396,1ktLoFDVfk1f7kJvh3lnOJ,sharing you,LANY,0.542,9.0,0.0383,4
2397,68BpjQ7Vc8uUHvUKMcLLHe,(what i wish just one person would say to me),LANY,0.244,8.0,0.0598,4
2399,0Bv25hxffynRiTkRvlPxw0,when you're drunk,LANY,0.663,8.0,0.0157,4
2400,6guqC53ktWrwIuXOMApLbV,sad,LANY,0.541,9.0,0.0775,4
2407,6FdShjf7nA2cqEnpv1tIia,Make A Wish (Birthday Song),NCT U,0.732,8.0,0.0632,4
2414,2QeqvHnADmf2fN5sowptuO,Light a Flame,SEVENTEEN,0.83,9.0,0.202,4
2423,17Ux4yT9fdJ8VFSPNgxZPC,Without You,AJ Rafael,0.588,10.0,0.13,4
2424,37ZtpRBkHcaq6hHy0X98zn,I CAN'T STOP ME,TWICE,0.657,10.0,0.121,4
2427,54kGRAmn3I49RPAhdWG2sp,DO WHAT WE LIKE,TWICE,0.78,11.0,0.0101,4
2436,2gagYYY4R8QimbnFqd96ST,SAY SOMETHING,TWICE,0.713,8.0,0.0859,4
2438,6mS8cd33jFrighnLc0obxQ,Ghosting,TOMORROW X TOGETHER,0.413,9.0,0.00319,4
2440,1WrScpykT891CZhFThXJtj,We Lost The Summer,TOMORROW X TOGETHER,0.551,10.0,0.0391,4
2445,5GkQIP5mWPi4KZLLXeuFTT,motive (with Doja Cat),Ariana Grande,0.789,10.0,0.0681,4
2448,7Dx9Z6Aon1qPS2N0rHSWTe,just like magic,Ariana Grande,0.719,8.0,0.08,4
2455,6NYtLvyThMT0oALFdJFdzq,love language,Ariana Grande,0.688,10.0,0.0686,4
2456,1whfVLMKWqAX3uk97VXsNN,west side,Ariana Grande,0.688,11.0,0.186,4
2458,0V9rj37SqxF06EOV809odq,Di Ka Sayang,Ben&Ben,0.544,8.0,0.00781,4
2468,54bFM56PmE4YLRnqpW6Tha,Therefore I Am,Billie Eilish,0.889,11.0,0.218,4
2473,3QH8rQGNFX8VLbCgZ7uPTS,Fly To My Room,BTS,0.764,11.0,0.0484,4
2476,54DmTIv86D3sYdiawjULQ0,Dis-ease,BTS,0.731,8.0,0.0132,4
2483,6llZj9wHfbUCUjthixF9VF,Carino Brutal,Slapshock,0.534,10.0,3.07e-05,4
2485,4viLaKGdHwhW8LkZB3mRFC,I CAN'T STOP ME - English Version,TWICE,0.645,10.0,0.173,4
2486,69WpV0U7OMNFGyq8I63dcC,Given-Taken,ENHYPEN,0.631,8.0,0.17,4
2487,4eOcd47wPU3ixxYw0spREl,Let Me In (20 CUBE),ENHYPEN,0.483,8.0,0.00258,4
2488,3TgPwLFXV6GEIsDZANHktY,Flicker,ENHYPEN,0.656,10.0,0.00647,4
2492,3yXUG6wZczeYgCE3L0z2pD,Intro : Walk the Line,ENHYPEN,0.45,8.0,0.0147,4
2494,031mgKcbAk6cL9ZpfIEq4K,Nothing On Me,KAI,0.517,11.0,0.036,4
2497,7bUvgvAf0tdQIty95lV5wf,Dance With You,Skusta Clee,0.771,8.0,0.0375,4
2498,5LZtB6nxvjIhUoElp3Zqk0,Teach Me How To Love,Shawn Mendes,0.592,9.0,0.0505,4
2499,5S5M1oItQTUjJHtliGK3T6,"Umaaraw, Umuulan",December Avenue,0.502,9.0,0.00143,4
2518,5xd70ihEAM1UA1DnM8af2v,Nandito Lang Ako,Skusta Clee,0.738,10.0,0.242,4
2519,2xtP8RNbo2BEMzLX7tK7aq,CRY FOR ME,TWICE,0.702,10.0,0.0542,4
2522,1Bhm5HNO1cq8olDbBmokyL,Copines,Aya Nakamura,0.701,8.0,0.27,4
2523,1SV1fxF65n9NhRHp3KlBuu,Wonderful Christmastime - Edited Version / Remastered 2011,Paul McCartney,0.774,11.0,0.322,4
2525,27qAMKrDdKEs8HDXcvR24R,Driving Home for Christmas - 2019 Remaster,Chris Rea,0.513,9.0,0.355,4
2526,2Y0ktCGrGoGcQFXsGztvhi,Naughty List (with Dixie),Liam Payne,0.619,9.0,0.0318,4
2546,4f2GB5ZC7vOUYPAg69N2Xw,September,"Earth, Wind & Fire",0.684,9.0,0.131,4
2552,1ko2lVN0vKGUl9zrU0qSlT,Just the Two of Us (feat. Bill Withers),"Grover Washington, Jr.",0.749,10.0,0.41,4
2557,5DeFtXwPfcBwPQZKkG6OHE,Eba,Kiyo,0.706,11.0,0.185,4
2564,5NvOZCjZaGGGL597exlQWv,Line Without a Hook,Ricky Montgomery,0.432,8.0,0.262,4
2565,3ZoHHYydoQNWIKdP59knYA,Pajama Party,1096 Gang,0.752,11.0,0.091,4
2569,1B0DvDgNgvmccdfdEK4wB5,Options (feat. Stephen Marley),Pitbull,0.744,9.0,0.0541,4
2571,4RewTiGEGoO7FWNZUmp1f4,Celebrity,IU,0.73,9.0,0.191,4
2572,60ynsPSSKe6O3sfwRnIBRf,Streets,Doja Cat,0.749,11.0,0.21,4
2575,05ABOPiW13nqIedJfqmfPM,rubberband,Tate McRae,0.64,10.0,0.32,4
2576,1GkHyypTFkUf0QQKwYoXH4,You (with Marshmello & Vance Joy),benny blanco,0.668,11.0,0.0493,4
2577,1XXimziG1uhM0eDNCZCrUl,Up,Cardi B,0.868,11.0,0.0012,4
2585,5eTytSrtW2P1pchAEfSTta,Inevitable,Ben&Ben,0.413,10.0,0.00741,4
2590,3eZYOQO4UzKrUDYDghtnFw,test drive,Ariana Grande,0.698,9.0,0.0251,4
2592,2uL48Qwc88pu7S9JjT6Jvv,main thing,Ariana Grande,0.734,9.0,0.32,4
2597,6tDDoYIxWvMLTdKpjFkc1B,telepatía,Kali Uchis,0.653,11.0,0.112,4
2603,6fRxMU4LWwyaSSowV441IU,Beautiful Mistakes (feat. Megan Thee Stallion),Maroon 5,0.713,10.0,0.0377,4
2618,4MmMxyew8yq1OEyJOMaX6M,As I Am (feat. Khalid),Justin Bieber,0.608,11.0,0.131,4
2623,1EsTfiu26JucTyc5npjJU4,Love You Different (feat. BEAM),Justin Bieber,0.756,8.0,0.068,4
2630,64P4md3mdMM8Dog2aThmzj,Troll (Feat. DEAN),IU,0.695,9.0,0.394,4
2633,4YnVz2QRU6OnoJ8lt23QHM,Empty Cup,IU,0.755,10.0,0.431,4
2637,3BZEcbdtXQSo7OrvKRJ6mb,MONTERO (Call Me By Your Name),Lil Nas X,0.61,8.0,0.297,4
2644,3UHPGOkUcE4hE7sqBF4Snt,Film out,BTS,0.499,10.0,0.296,4
2654,7l2tmgUhV7Y2aJHjiszifg,Mr. Perfectly Fine (Taylor’s Version) (From The Vault),Taylor Swift,0.661,11.0,0.167,4
2662,1msEuwSBneBKpVCZQcFTsU,Forever & Always (Taylor’s Version),Taylor Swift,0.598,10.0,0.0231,4
2678,748mdHapucXQri7IAO8yFK,Kiss Me More (feat. SZA),Doja Cat,0.762,8.0,0.235,4
2680,051Z51PfIFgEe1gdo1vl6B,Yearly,Ex Battalion,0.849,10.0,0.114,4
2686,0pl5A0K1kXws0xkClbd6iN,Only,DAY6,0.563,8.0,0.00982,4
2693,6S0By3u06ttb3kU2XEtWnw,Mixed Up,ENHYPEN,0.623,8.0,0.0486,4
2695,6gGpF8V8miC4O0GZUqSZ9a,Intro : The Invitation,ENHYPEN,0.283,9.0,0.00442,4
2698,2QdH0rKlV3d9Y6lWzcnlBH,In the morning,ITZY,0.847,11.0,0.0825,4
2700,3aGqHdZJusdhT3ZzfLRnO7,KIDDING ME,ITZY,0.762,8.0,0.228,4
2701,11RRkvXd7FvwxLWvtuBIR1,SHOOT!,ITZY,0.852,9.0,0.353,4
2708,3k7SKhwbvE2lAisLx3jZWl,Upuan,Ben&Ben,0.592,8.0,0.19,4
2709,1RGIjMFMgJxkZHMDXVYzOJ,Bartender (feat. Akon),T-Pain,0.832,8.0,0.0564,4
2710,0939D7aT18uBDS2MTjWzct,Higher Power,Coldplay,0.507,10.0,0.00711,4
2711,7ahAom5NZZVEMRynCruscZ,Ever After,Bonnie Bailey,0.742,11.0,0.231,4
2718,5ngy93w3QaZl3mN9YinIux,"Countdown (3, 2, 1)",NCT DREAM,0.727,10.0,0.137,4
2732,3nY8AqaMNNHHLYV4380ol0,Dick (feat. Doja Cat),StarBoi3,0.647,9.0,0.13,4
2734,57ZUX6TNyKLBydAdVVd02x,p u n c h i n ‘ . t h e . c l o c k,J. Cole,0.769,11.0,0.197,4
2735,6Fz2TpxUD0YvAPsuG8nDMJ,MAPA,SB19,0.561,9.0,0.309,4
2738,3VqeTFIvhxu3DIe4eZVzGq,Butter,BTS,0.759,8.0,0.00323,4
2745,0MMyJUC3WNnFS1lit5pTjk,"jealousy, jealousy",Olivia Rodrigo,0.695,10.0,0.198,4
2748,4BodkdQk2Ouo6BFbLqoWtG,Tonight,FM Static,0.598,10.0,0.285,4
2751,5zqObw7wjBgL9TDiAymxPn,Our Song,Anne-Marie,0.595,11.0,0.141,4
2753,38ZffdGref7ax4nX1JUDYT,Butter (Hotter Remix),BTS,0.702,8.0,0.00223,4
2766,0xmEcb4yhUy5PS8MHdAvmc,Butter (Cooler Remix),BTS,0.651,8.0,0.00632,4
2769,42fR3oINF3KfXCDtheoNiY,Don't fight the feeling,EXO,0.707,9.0,0.0585,4
2772,6HTwoo4dUOvePNqMsTarPA,Alcohol-Free,TWICE,0.688,8.0,0.0474,4
2784,2FymmKBuog0loCuNXMwQID,Ready to love,SEVENTEEN,0.668,9.0,0.0274,4
2788,7awomfKxYCpcqUlfZav6PD,Wave,SEVENTEEN,0.714,10.0,0.00668,4
2789,3Wrjm47oTz2sjIgck11l5e,Beggin',Måneskin,0.714,11.0,0.127,4
2795,6PQ88X9TkUIAUIZJHW2upE,Bad Habits,Ed Sheeran,0.808,11.0,0.0469,4
2796,0k4d5YPDr1r7FX77VdqWez,You Right,Doja Cat,0.828,8.0,0.0164,4
2797,0ohcCrxZkBfFbkuRPOZQZX,dancing in the kitchen,LANY,0.619,11.0,0.0328,4
2803,02MWAaffLxlfxAUY7c5dvx,Heat Waves,Glass Animals,0.761,11.0,0.44,4
2807,5awNIWVrh2ISfvPd5IUZNh,PTT (Paint The Town),LOONA,0.781,8.0,0.0735,4
2811,5zNW5ARjYhJQJz1AChP33n,Thot Shit,Megan Thee Stallion,0.95,9.0,0.0133,4
2813,0LThjFY2iTtNdd4wviwVV2,Permission to Dance,BTS,0.702,9.0,0.00544,4
2814,0gptQQwXDtDYkkgoQl1V9T,Permission to Dance (Instrumental),BTS,0.75,11.0,0.000201,4
2816,6uqyE384HDSsuwpoF4mjrL,NDA,Billie Eilish,0.765,8.0,0.329,4
2823,5QZw4F3N3PvuKNKHm9L20b,Bazinga,SB19,0.869,9.0,0.206,4
2824,0AbJoAxuqYgMrmXvtFOc0K,SLMT,SB19,0.838,10.0,0.269,4
2829,2iLgHSA5ar3kJKUWvegGPm,Permission to Dance (R&B Remix),BTS,0.662,9.0,0.0726,4
2830,1058fW9H3fZA6QjYCdOBad,Don't Go Yet,Camila Cabello,0.666,10.0,0.0492,4
2847,6OGogr19zPTM4BALXuMQpF,Take My Breath,The Weeknd,0.748,8.0,0.0107,4
2852,7aonAWn0J0AJ47ZU9WHCXC,INFERNO,Sub Urban,0.82,9.0,0.0766,4
2858,6RTF5urAOB5C52nLxeRK5h,Pose,Red Velvet,0.841,10.0,0.0617,4
2859,0c2wKRwXpqSCBrAImEFCNf,Knock On Wood,Red Velvet,0.533,11.0,0.213,4
2860,3zQyl7ko8alM35mvYWmHuu,"Hello, Sunset",Red Velvet,0.737,11.0,0.198,4
2863,21aOLk12MksET8AsbU0SI6,LO$ER=LO♡ER,TOMORROW X TOGETHER,0.644,11.0,0.001,4
2874,0z8hI3OPS8ADPWtoCjjLl6,Summer of Love (Shawn Mendes & Tainy),Shawn Mendes,0.776,11.0,0.0297,4
2876,0W6I02J9xcqK8MtSeosEXb,Get Into It (Yuh),Doja Cat,0.912,8.0,0.315,4
2883,3JR0ducCexKbeK47g6AHm5,Butter (feat. Megan Thee Stallion),BTS,0.739,8.0,0.00308,4
2884,55sgQENF3LY1sUcJUwasLl,Don’t Go (with Justin Bieber & Don Toliver),Skrillex,0.689,11.0,0.019,4
2887,5otb0YFuK5z8ffisicdQfs,Elyu,Ben&Ben,0.51,9.0,0.0545,4
2889,6qS0J555KgzxQ01E8x6vux,Swimming Pool - feat. Chito Miranda,Ben&Ben,0.225,9.0,0.000987,4
2896,1QCqedB1ibmRO9x7Ikb5LI,Ok Ok pt 2,Kanye West,0.641,11.0,0.406,4
2897,2gbMPBrBVj3CuNTLp2dHYs,Off The Grid,Kanye West,0.546,8.0,0.0438,4
2898,1dPNJDYuW9QAtkOpK3eBvO,God Breathed,Kanye West,0.325,10.0,0.289,4
2900,4VYEnxm7lmtG5sEEbcmORB,Ok Ok,Kanye West,0.738,11.0,0.319,4
2910,3koCCeSaVUyrRo3N2gHrd8,Let's Groove,"Earth, Wind & Fire",0.869,11.0,0.121,4
2915,0k1WUmIRnG3xU6fvvDVfRG,Way 2 Sexy (with Future & Young Thug),Drake,0.803,11.0,0.000619,4
2918,4s7QLoImIwmPi9L6dq1nVW,TSU,Drake,0.568,9.0,0.228,4
2923,11pEKMLmavDu8fxOB5QjbQ,Pipe Down,Drake,0.518,9.0,0.128,4
2924,1NAyq9TrQIpLHWStUX4xAQ,ex i never had,LANY,0.65,10.0,0.306,4
2927,5ScbulRnixQ2XAdvrPMFjz,Get Along Better,Drake,0.32,8.0,0.00645,4
2928,2Q3jFbyE61mCjS3SkW4toJ,Race My Mind,Drake,0.488,10.0,0.179,4
2929,08XWh5c0BMyD1nKVxxl91z,Fountains (with Tems),Drake,0.843,10.0,0.181,4
2933,7uQZVznj0uQOGC9KhV2Mg6,LALISA,LISA,0.806,8.0,0.0282,4
2936,3wKCldl6riuEKxXlvuxFJ2,Pretty Savage - JP Ver.,BLACKPINK,0.721,9.0,0.0108,4
2940,2m6Ko3CY1qXNNja8AlugNc,Angel Baby,Troye Sivan,0.559,11.0,0.0145,4
2941,1sx0XsWUusUoPstbvokZjP,A-O-K,Tai Verdes,0.731,11.0,0.125,4
2943,1Ov37jtRQ2YNAe8HzfczkL,Wildest Dreams (Taylor's Version),Taylor Swift,0.583,8.0,0.0374,4
2945,6txVOdSbg928oeGhlVUrdK,Lemonade,NCT 127,0.812,11.0,0.0145,4
2953,0zANeX4R6uWb82gCQAguOD,Habang Buhay,Zack Tabudlo,0.62,9.0,0.088,4
2954,3FeVmId7tL5YN8B7R3imoM,My Universe,Coldplay,0.588,9.0,0.00813,4
2957,2Xr1dTzJee307rmrkt8c0g,love nwantiti (ah ah ah),CKay,0.727,8.0,0.365,4
2960,5SixeLvPsYpk7qq9lo5xYg,Have Mercy,Chlöe,0.903,9.0,0.297,4
2966,1XyzcGhmO7iUamSS94XfqY,The Feels,TWICE,0.808,9.0,0.0899,4
2970,6zRLYuhmn4WwHsyvv8qdTj,The Feels - YVES V Remix,TWICE,0.78,9.0,0.00771,4
2976,285Bh5EkbxGGE76ge8JDbH,Lucid Dream,aespa,0.7,11.0,0.0539,4
2977,3UKKwGrpWWamc0XNSKXjmz,YEPPI YEPPI,aespa,0.783,11.0,0.0546,4
2983,61Emqg95O9zo1GNOcyxq4Y,For Tonight,Giveon,0.442,9.0,0.0699,4
2984,1zoyteFQmeUUqyOl2Xznpy,Tamed-Dashed,ENHYPEN,0.568,11.0,0.000253,4
2986,6IqKFke4ZhKbGYULllEezY,Go Big or Go Home,ENHYPEN,0.766,10.0,0.0502,4
2988,08XshFxOo9rcQagObgcoK6,Blockbuster feat. YEONJUN of TOMORROW X TOGETHER,ENHYPEN,0.495,8.0,0.0384,4
2990,5hmNvW5VqPJ96N6om3tO4g,Interlude : Question,ENHYPEN,0.372,11.0,0.000859,4
2991,20PaIK7cbEwnYFQrLU8USm,Intro : Whiteout,ENHYPEN,0.378,9.0,0.0353,4
2992,34JfHOd0fcefm4FSPSrIhF,Cold Blooded,Jessi,0.961,9.0,0.0794,4
3000,6IAZHEBUIGJ6NJKxxOBIEr,Rolling in the Deep,Adele,0.73,8.0,0.138,4
3005,4iRRAvxPPWXQp3mV1rAbPF,Unang Sayaw,NOBITA,0.5,9.0,0.412,4
3007,6LnEoRQKMcaFTR5UvaKuBy,Rock with you,SEVENTEEN,0.621,11.0,0.0966,4
3011,6o2Pu5qZcinw4mlDlQZFqu,2 MINUS 1 - Bonus Track,SEVENTEEN,0.644,9.0,0.106,4
3013,2gpWyfu7eZ01zzncHpxOtA,Moth To A Flame (with The Weeknd),Swedish House Mafia,0.542,8.0,0.00279,4
3016,4btFHqumCO31GksfuBLLv3,Overpass Graffiti,Ed Sheeran,0.52,9.0,0.00253,4
3018,4r34Yi0eltsu1tp6z4lq3x,XOXO,JEON SOMI,0.704,9.0,0.0717,4
3020,2JiHR4gCDjXwYVRDmwdk95,Tides,Ed Sheeran,0.631,11.0,0.0167,4
3022,4mzP5mHkRvGxdhdGdAH7EJ,Give Me Your Forever,Zack Tabudlo,0.627,8.0,0.279,4
3030,04S1pkp1VaIqjg8zZqknR5,Enchanted,Taylor Swift,0.535,8.0,0.0716,4
3031,1r9xUipOqoNwggBpENDsvJ,Enemy (with JID) - from the series Arcane League of Legends,Imagine Dragons,0.728,11.0,0.237,4
3033,2PcJoVkfjcbvoqBxV1Nj7y,All I Wanna Do,Jay Park,0.613,8.0,0.245,4
3039,5lFDIbYMcFHPPgzMcnPqSz,State Of Grace (Taylor's Version),Taylor Swift,0.594,9.0,0.000328,4
3049,661CJWXysgwKXI1dreYNBU,Holy Ground (Taylor's Version),Taylor Swift,0.622,9.0,0.0288,4
3064,0BJMgVrnWIvgYsjq8KaPeh,SCIENTIST,TWICE,0.786,11.0,0.0487,4
3067,139JUU8fJkQoeHl9nABk9C,CRUEL,TWICE,0.84,9.0,0.0112,4
3069,3ax3sc1Rn99YbjyKT0HALS,REAL YOU,TWICE,0.858,9.0,0.0977,4
3071,4O1WbQwMV0W6Y2dUCvwoBx,F.I.L.A (Fall In Love Again),TWICE,0.756,11.0,0.0921,4
3074,7kbOwsTp2Uqm1scjRPiVt4,"PUSH & PULL (JIHYO, SANA, DAHYUN)",TWICE,0.739,11.0,0.389,4
3075,5TYy2SgTQUv6YGWHbryUV8,CACTUS,TWICE,0.511,11.0,0.122,4
3077,53Abp3QVXDA9z1VmJsOBXm,CANDY,TWICE,0.853,8.0,0.212,4
3084,6w8ZPYdnGajyfPddTWdthN,Can I Get It,Adele,0.703,9.0,0.0171,4
3093,1SOClUWhOi8vHZYMz3GluK,Infinity,Jaymes Young,0.671,11.0,0.148,4
3098,7n2FZQsaLb7ZRfRPfEeIvr,ELEVEN,IVE,0.828,9.0,0.0617,4
3102,3IA9LkBEVhJDOxOnh1nf8a,Butter (Holiday Remix),BTS,0.698,8.0,0.00188,4
3104,3QPBocWfIcOCdFFvmqn60F,Just Look Up (From Don’t Look Up),Ariana Grande,0.566,9.0,0.216,4
3108,3nOz1U41SZZ0N3fuUWr9nb,I AM WOMAN,Emmy Meli,0.646,10.0,0.122,4
3111,7DF8lvLdV3htIbuTWpc7lR,Girl Of My Dreams (with SUGA of BTS),Juice WRLD,0.603,9.0,0.194,4
3113,20on25jryn53hWghthWWW3,Do It To It,ACRAZE,0.854,11.0,0.0209,4
